{"stats":{"minecraft:mined":{"minecraft:dark_oak_planks":20,"minecraft:white_bed":6,"minecraft:dark_oak_log":15,"born_in_chaos_v1:infected_diamond_ore":1,"minecraft:dark_oak_fence":11,"minecraft:granite":37,"minecraft:grass_block":8,"born_in_chaos_v1:black_argillite":1,"minecraft:redstone_ore":2,"minecraft:furnace":2,"biomesoplenty:toadstool":9,"minecraft:iron_ore":33,"minecraft:andesite":10,"minecraft:pumpkin":1,"minecraft:deepslate_iron_ore":2,"minecraft:stone":150,"minecraft:white_wool":7,"minecraft:deepslate_redstone_ore":4,"minecraft:dandelion":1,"born_in_chaos_v1:infected_deepslate_diamond_ore":1,"minecraft:crafting_table":2,"minecraft:torch":1,"minecraft:tall_grass":10,"minecraft:copper_ore":2,"minecraft:cobblestone":6,"minecraft:lapis_ore":2,"minecraft:oak_planks":8,"minecraft:sugar_cane":6,"minecraft:diorite":13,"minecraft:wall_torch":2,"minecraft:seagrass":1,"minecraft:dark_oak_slab":1,"biomesoplenty:maple_leaves":1,"minecraft:grass":15,"minecraft:oak_log":10,"minecraft:coal_ore":39,"minecraft:dirt":9,"biomesoplenty:stringy_cobweb":1,"minecraft:deepslate":6,"minecraft:oak_leaves":3},"minecraft:killed_by":{"minecraft:player":2,"minecraft:pillager":1,"born_in_chaos_v1:diamond_termite":1,"cave_dweller:cave_dweller":1},"minecraft:killed":{"born_in_chaos_v1:zombie_clown":1,"minecraft:witch":1,"undead_revamp2:thegliter":1,"born_in_chaos_v1:zombie_lumberjack":1,"born_in_chaos_v1:restless_spirit":1,"graveyard:revenant":1,"born_in_chaos_v1:zombie_bruiser":1,"born_in_chaos_v1:maggot":1,"minecraft:skeleton":1,"minecraft:horse":3,"minecraft:chicken":4,"undead_revamp2:thehorrors":1,"minecraft:iron_golem":1,"minecraft:creeper":1,"minecraft:sheep":7,"minecraft:pillager":8,"undead_revamp2:thesomnolence":1,"minecraft:zombie":4,"born_in_chaos_v1:corpse_fly":9,"born_in_chaos_v1:door_knight":2,"minecraft:cow":2},"minecraft:used":{"minecraft:chest":1,"minecraft:shield":19,"minecraft:iron_sword":106,"minecraft:rotten_flesh":4,"minecraft:cooked_chicken":5,"minecraft:torch":124,"minecraft:dirt":11,"minecraft:mutton":5,"minecraft:granite":35,"born_in_chaos_v1:corpse_maggot":1,"minecraft:dark_oak_planks":84,"minecraft:iron_axe":74,"minecraft:dark_oak_slab":1,"minecraft:iron_boots":1,"minecraft:light_gray_wool":1,"minecraft:beef":2,"minecraft:goat_horn":4,"minecraft:furnace":2,"minecraft:cooked_beef":1,"minecraft:cooked_mutton":7,"minecraft:diorite":7,"minecraft:stone_pickaxe":8,"minecraft:oak_planks":32,"minecraft:wooden_pickaxe":20,"minecraft:white_wool":8,"minecraft:crafting_table":4,"minecraft:crossbow":2,"minecraft:white_bed":6,"biomesoplenty:orange_autumn_sapling":1,"minecraft:oak_log":2,"dixtas_armory:iron_katana":2,"minecraft:iron_pickaxe":290,"minecraft:stone_axe":77,"minecraft:cobblestone":75,"minecraft:cooked_porkchop":4,"minecraft:dark_oak_fence":5,"minecraft:bucket":1,"minecraft:andesite":2},"minecraft:dropped":{"minecraft:enchanted_book":2,"minecraft:iron_ingot":11,"minecraft:birch_planks":2,"minecraft:wheat_seeds":2,"minecraft:cooked_porkchop":2,"minecraft:iron_helmet":1,"minecraft:crossbow":7,"minecraft:feather":10,"minecraft:cobblestone":22,"man:cassette_1safetyinstructions":2,"minecraft:cobblestone_stairs":8,"minecraft:stick":2,"minecraft:dirt":11,"born_in_chaos_v1:gnawed_bones":1,"minecraft:dark_oak_log":26,"minecraft:dark_oak_fence":9,"minecraft:torch":2,"minecraft:mutton":1,"minecraft:white_banner":1,"minecraft:iron_axe":3,"minecraft:iron_pickaxe":1,"minecraft:string":4,"minecraft:dark_oak_planks":3,"minecraft:dandelion":1,"minecraft:bone":2,"minecraft:stone_axe":1,"minecraft:goat_horn":2,"minecraft:sugar_cane":3,"minecraft:cooked_chicken":4,"minecraft:wheat":10,"minecraft:raw_iron":4,"undead_revamp2:arapholia":1,"minecraft:rotten_flesh":12,"minecraft:iron_boots":1,"minecraft:cooked_mutton":5,"minecraft:white_bed":1,"minecraft:poppy":1,"minecraft:shield":1,"born_in_chaos_v1:seedof_chaos":2,"born_in_chaos_v1:corpse_maggot":4,"minecraft:spider_eye":1,"minecraft:stone_pickaxe":5,"minecraft:wooden_pickaxe":3,"minecraft:nautilus_shell":1},"minecraft:custom":{"minecraft:mob_kills":55,"minecraft:interact_with_crafting_table":28,"minecraft:damage_dealt_resisted":1572,"minecraft:leave_game":1,"minecraft:time_since_death":590,"minecraft:climb_one_cm":152,"minecraft:sprint_one_cm":199371,"minecraft:walk_one_cm":302220,"minecraft:damage_blocked_by_shield":773,"minecraft:drop":188,"minecraft:play_time":98626,"minecraft:deaths":5,"minecraft:sneak_time":12208,"minecraft:walk_under_water_one_cm":707,"minecraft:jump":1674,"minecraft:walk_on_water_one_cm":5005,"minecraft:total_world_time":98626,"minecraft:interact_with_furnace":76,"minecraft:sleep_in_bed":7,"minecraft:time_since_rest":617,"minecraft:damage_taken":2770,"minecraft:damage_dealt":10350,"minecraft:fly_one_cm":260905,"minecraft:player_kills":4,"minecraft:open_chest":15,"minecraft:crouch_one_cm":20651,"minecraft:fall_one_cm":48147},"minecraft:crafted":{"minecraft:oak_planks":32,"minecraft:cooked_chicken":5,"minecraft:furnace":1,"minecraft:cooked_mutton":11,"minecraft:iron_boots":2,"minecraft:stone_pickaxe":1,"minecraft:dark_oak_planks":36,"minecraft:cooked_beef":1,"minecraft:cooked_porkchop":6,"minecraft:crafting_table":2,"minecraft:wooden_pickaxe":1,"minecraft:iron_helmet":2,"minecraft:iron_sword":1,"minecraft:stone_axe":1,"minecraft:air":0,"minecraft:shield":1,"minecraft:stick":28,"minecraft:iron_ingot":28,"minecraft:iron_pickaxe":2,"minecraft:white_bed":1,"minecraft:torch":56},"minecraft:picked_up":{"minecraft:crafting_table":4,"minecraft:wheat":18,"minecraft:chicken":12,"born_in_chaos_v1:seedof_chaos":2,"minecraft:wooden_pickaxe":3,"biomesoplenty:orange_autumn_sapling":1,"minecraft:enchanted_book":2,"minecraft:shield":5,"born_in_chaos_v1:black_argillite":1,"minecraft:string":4,"minecraft:iron_axe":4,"minecraft:raw_copper":11,"minecraft:cobbled_deepslate":3,"minecraft:bucket":1,"minecraft:beef":3,"born_in_chaos_v1:gnawed_bones":2,"minecraft:poppy":3,"minecraft:iron_pickaxe":2,"minecraft:light_gray_wool":1,"minecraft:sugar_cane":6,"minecraft:chest":1,"minecraft:iron_boots":1,"minecraft:egg":1,"minecraft:furnace":3,"minecraft:stick":5,"minecraft:raw_iron":74,"minecraft:torch":17,"minecraft:porkchop":6,"minecraft:carrot":1,"minecraft:diorite":13,"minecraft:redstone":28,"minecraft:goat_horn":4,"minecraft:dark_oak_planks":97,"minecraft:rotten_flesh":35,"minecraft:mutton":17,"undead_revamp2:arapholia":1,"minecraft:white_wool":16,"minecraft:cobblestone":166,"minecraft:nautilus_shell":1,"born_in_chaos_v1:corpse_maggot":13,"minecraft:feather":20,"minecraft:andesite":25,"minecraft:leather":10,"minecraft:potato":8,"minecraft:birch_planks":2,"minecraft:oak_log":10,"minecraft:cobblestone_stairs":8,"minecraft:lapis_lazuli":12,"minecraft:dirt":25,"minecraft:white_banner":3,"man:cassette_1safetyinstructions":4,"minecraft:leather_boots":1,"minecraft:cooked_mutton":1,"minecraft:bone":4,"minecraft:wheat_seeds":4,"minecraft:stone_pickaxe":8,"minecraft:iron_ingot":23,"minecraft:cooked_chicken":4,"minecraft:glass_bottle":1,"minecraft:stone_hoe":1,"minecraft:oak_planks":18,"biomesoplenty:toadstool":9,"minecraft:dark_oak_slab":1,"minecraft:pumpkin":1,"born_in_chaos_v1:ethereal_spirit":4,"minecraft:dandelion":2,"minecraft:gravel":2,"minecraft:white_bed":7,"minecraft:spider_eye":1,"minecraft:dark_oak_log":44,"undead_revamp2:rawbostrox":3,"minecraft:stone_axe":2,"dixtas_armory:iron_katana":1,"minecraft:crossbow":8,"minecraft:granite":44,"minecraft:dark_oak_fence":31,"minecraft:coal":62}},"DataVersion":3465}