{"stats":{"minecraft:mined":{"minecraft:dark_oak_planks":14,"minecraft:white_bed":1,"minecraft:cobblestone_stairs":5,"minecraft:dark_oak_log":30,"minecraft:glow_lichen":2,"minecraft:granite":36,"minecraft:dark_oak_fence":12,"minecraft:grass_block":31,"minecraft:furnace":3,"minecraft:iron_ore":6,"minecraft:andesite":41,"biomesoplenty:webbing":16,"minecraft:stone":371,"minecraft:crafting_table":3,"minecraft:torch":2,"minecraft:poppy":1,"minecraft:chest":1,"minecraft:cobblestone":37,"minecraft:copper_ore":3,"minecraft:tall_grass":9,"minecraft:oak_planks":2,"minecraft:diorite":6,"minecraft:wall_torch":6,"minecraft:grass":12,"minecraft:oak_log":12,"minecraft:dirt":55,"minecraft:cobweb":1,"minecraft:fern":5},"minecraft:killed_by":{"minecraft:player":2,"undead_revamp2:the_moonflower":1,"minecraft:spider":1,"minecraft:iron_golem":1,"born_in_chaos_v1:corpse_fly":1,"undead_revamp2:therod":1},"minecraft:killed":{"fight_or_die:springer":1,"born_in_chaos_v1:restless_spirit":1,"minecraft:spider":1,"minecraft:horse":5,"minecraft:chicken":3,"minecraft:pig":6,"undead_revamp2:the_moonflower":2,"minecraft:sheep":5,"minecraft:pillager":5,"minecraft:zombie":5,"born_in_chaos_v1:dread_hound":1,"born_in_chaos_v1:corpse_fly":2,"endofherobrine:cow":1,"minecraft:cow":1},"minecraft:used":{"minecraft:stone_shovel":47,"minecraft:chest":2,"minecraft:shield":35,"minecraft:iron_sword":84,"minecraft:rotten_flesh":1,"minecraft:cooked_chicken":2,"minecraft:torch":9,"minecraft:dirt":29,"minecraft:mutton":1,"born_in_chaos_v1:corpse_maggot":2,"minecraft:dark_oak_planks":30,"minecraft:iron_axe":61,"minecraft:dark_oak_slab":2,"minecraft:furnace":9,"minecraft:goat_horn":1,"minecraft:dark_oak_stairs":6,"minecraft:cobblestone_stairs":104,"minecraft:stone_pickaxe":189,"minecraft:oak_planks":10,"minecraft:wooden_pickaxe":18,"minecraft:crafting_table":4,"minecraft:crossbow":1,"minecraft:white_bed":3,"minecraft:iron_pickaxe":351,"minecraft:stone_axe":53,"minecraft:cobblestone":92,"minecraft:cooked_porkchop":3,"minecraft:white_banner":1,"minecraft:porkchop":1,"minecraft:andesite":22},"minecraft:dropped":{"minecraft:porkchop":6,"minecraft:wheat_seeds":2,"minecraft:cooked_porkchop":1,"minecraft:cod":1,"minecraft:dirt":1,"minecraft:mutton":7,"minecraft:iron_axe":2,"minecraft:iron_pickaxe":1,"minecraft:dark_oak_planks":12,"minecraft:stone_axe":1,"undead_revamp2:arapholia":1,"minecraft:chicken":3,"minecraft:rotten_flesh":3,"minecraft:oak_planks":1,"minecraft:poppy":3,"born_in_chaos_v1:seedof_chaos":1,"born_in_chaos_v1:corpse_maggot":1,"minecraft:stone_pickaxe":2,"minecraft:nautilus_shell":1},"minecraft:custom":{"minecraft:mob_kills":39,"minecraft:interact_with_crafting_table":31,"minecraft:damage_dealt_resisted":140,"minecraft:leave_game":1,"minecraft:time_since_death":1952,"minecraft:sprint_one_cm":179618,"minecraft:walk_one_cm":351596,"minecraft:damage_blocked_by_shield":540,"minecraft:drop":26,"minecraft:play_time":85568,"minecraft:deaths":11,"minecraft:sneak_time":6971,"minecraft:walk_under_water_one_cm":1908,"minecraft:jump":1404,"minecraft:walk_on_water_one_cm":3441,"minecraft:total_world_time":85568,"minecraft:interact_with_furnace":18,"minecraft:sleep_in_bed":8,"minecraft:time_since_rest":0,"minecraft:damage_taken":3348,"minecraft:damage_dealt":6374,"minecraft:swim_one_cm":4156,"minecraft:player_kills":2,"minecraft:fly_one_cm":233402,"minecraft:open_chest":22,"minecraft:crouch_one_cm":19950,"minecraft:fall_one_cm":46508},"minecraft:crafted":{"minecraft:oak_planks":44,"minecraft:stone_shovel":1,"minecraft:cooked_chicken":2,"minecraft:furnace":6,"minecraft:cobblestone_stairs":92,"minecraft:iron_axe":1,"minecraft:stone_pickaxe":2,"minecraft:chest":2,"minecraft:dark_oak_planks":160,"minecraft:crossbow":3,"minecraft:cooked_porkchop":3,"minecraft:dark_oak_stairs":8,"minecraft:crafting_table":1,"minecraft:wooden_pickaxe":1,"minecraft:iron_helmet":1,"minecraft:iron_sword":1,"minecraft:stone_axe":1,"minecraft:air":0,"minecraft:dark_oak_slab":6,"minecraft:charcoal":1,"minecraft:shield":2,"minecraft:stick":80,"minecraft:iron_ingot":4,"minecraft:iron_pickaxe":2,"minecraft:torch":52},"minecraft:picked_up":{"minecraft:crafting_table":5,"minecraft:wheat":30,"minecraft:chicken":6,"born_in_chaos_v1:seedof_chaos":6,"minecraft:wooden_pickaxe":4,"minecraft:enchanted_book":6,"minecraft:shield":8,"minecraft:raw_copper":32,"minecraft:string":4,"minecraft:iron_axe":4,"minecraft:beef":1,"minecraft:poppy":8,"minecraft:iron_pickaxe":5,"minecraft:sugar_cane":4,"minecraft:chest":1,"minecraft:furnace":3,"minecraft:stick":98,"minecraft:raw_iron":20,"minecraft:torch":15,"minecraft:porkchop":16,"minecraft:diorite":15,"minecraft:goat_horn":3,"minecraft:dark_oak_planks":181,"minecraft:arrow":1,"minecraft:rotten_flesh":33,"minecraft:stone_shovel":2,"minecraft:mutton":15,"minecraft:cod":2,"undead_revamp2:arapholia":3,"minecraft:white_wool":11,"minecraft:cobblestone":548,"minecraft:nautilus_shell":5,"born_in_chaos_v1:corpse_maggot":6,"minecraft:feather":38,"born_in_chaos_v1:monster_flesh":3,"minecraft:andesite":49,"minecraft:leather":10,"minecraft:potato":6,"minecraft:birch_planks":2,"minecraft:oak_log":12,"minecraft:cobblestone_stairs":32,"minecraft:dirt":284,"minecraft:white_banner":6,"man:cassette_1safetyinstructions":2,"born_in_chaos_v1:monster_skin":1,"minecraft:leather_boots":3,"undead_revamp2:blacpetalblock":1,"minecraft:wheat_seeds":9,"minecraft:iron_ingot":21,"minecraft:stone_pickaxe":15,"minecraft:cooked_chicken":6,"minecraft:oak_planks":27,"minecraft:iron_sword":6,"biomesoplenty:toadstool":1,"minecraft:cooked_porkchop":1,"born_in_chaos_v1:ethereal_spirit":2,"minecraft:dandelion":2,"minecraft:white_bed":3,"minecraft:spider_eye":2,"minecraft:dark_oak_log":78,"minecraft:stone_axe":9,"minecraft:iron_helmet":7,"minecraft:crossbow":14,"minecraft:granite":37,"minecraft:gray_wool":2,"minecraft:dark_oak_fence":84,"minecraft:coal":10}},"DataVersion":3465}