{"stats":{"minecraft:mined":{"minecraft:dark_oak_planks":20,"minecraft:white_bed":3,"minecraft:cobblestone_stairs":4,"minecraft:dark_oak_log":38,"minecraft:granite":13,"minecraft:dark_oak_fence":14,"minecraft:grass_block":8,"minecraft:furnace":1,"minecraft:iron_ore":52,"minecraft:andesite":36,"minecraft:dark_oak_fence_gate":1,"minecraft:potatoes":4,"minecraft:deepslate_iron_ore":9,"minecraft:vine":1,"biomesoplenty:webbing":1,"minecraft:stone":90,"biomesoplenty:spider_egg":2,"minecraft:white_wool":10,"minecraft:crafting_table":5,"minecraft:torch":2,"minecraft:tall_grass":1,"minecraft:copper_ore":1,"minecraft:cobblestone":7,"minecraft:oak_planks":2,"minecraft:sugar_cane":4,"minecraft:diorite":27,"minecraft:wall_torch":1,"minecraft:birch_planks":2,"minecraft:birch_log":19,"biomesoplenty:yellow_autumn_leaves":1,"minecraft:wheat":6,"minecraft:grass":70,"minecraft:coal_ore":61,"minecraft:dirt":11,"biomesoplenty:stringy_cobweb":1,"minecraft:deepslate":4,"minecraft:fern":1},"minecraft:killed_by":{"minecraft:player":2,"minecraft:spider":1,"minecraft:pillager":1,"born_in_chaos_v1:phantom_creeper_copy":1,"undead_revamp2:thehorrors":1,"undead_revamp2:therod":1,"cave_dweller:cave_dweller":2},"minecraft:killed":{"minecraft:cave_spider":1,"minecraft:spider":1,"born_in_chaos_v1:maggot":4,"minecraft:horse":5,"minecraft:chicken":5,"born_in_chaos_v1:diamond_termite":1,"minecraft:iron_golem":1,"undead_revamp2:theheavy":1,"minecraft:creeper":3,"minecraft:pillager":8,"minecraft:zombie":5,"born_in_chaos_v1:dread_hound":2,"born_in_chaos_v1:corpse_fly":4,"minecraft:cow":1},"minecraft:broken":{"minecraft:stone_pickaxe":1,"minecraft:stone_axe":1},"minecraft:used":{"minecraft:shield":43,"minecraft:iron_sword":1,"minecraft:rotten_flesh":2,"minecraft:cooked_chicken":3,"minecraft:stone_hoe":9,"minecraft:torch":19,"minecraft:dirt":11,"minecraft:granite":4,"born_in_chaos_v1:corpse_maggot":10,"minecraft:dark_oak_planks":65,"minecraft:lava_bucket":2,"minecraft:iron_axe":75,"minecraft:iron_helmet":3,"minecraft:iron_boots":2,"minecraft:furnace":2,"minecraft:goat_horn":5,"minecraft:cooked_beef":3,"minecraft:potato":5,"minecraft:cobbled_deepslate":6,"minecraft:wheat_seeds":6,"minecraft:cooked_mutton":4,"minecraft:water_bucket":1,"minecraft:diorite":9,"minecraft:cobblestone_stairs":12,"minecraft:stone_pickaxe":132,"minecraft:sugar_cane":3,"minecraft:crafting_table":7,"minecraft:cod":1,"minecraft:white_bed":4,"minecraft:dark_oak_fence_gate":5,"dixtas_armory:iron_katana":27,"minecraft:bread":3,"minecraft:iron_pickaxe":185,"minecraft:stone_axe":110,"minecraft:wooden_sword":58,"minecraft:cobblestone":61,"minecraft:potion":1,"minecraft:white_banner":1,"minecraft:bucket":4,"minecraft:andesite":20,"minecraft:bone_meal":9},"minecraft:dropped":{"minecraft:wheat_seeds":1,"minecraft:glow_ink_sac":2,"minecraft:crafting_table":1,"minecraft:crossbow":1,"minecraft:cobblestone":25,"minecraft:stick":8,"minecraft:dark_oak_log":9,"minecraft:torch":14,"minecraft:dark_oak_fence":4,"minecraft:iron_axe":1,"minecraft:string":1,"minecraft:wheat":5,"born_in_chaos_v1:ethereal_spirit":2,"minecraft:raw_iron":2,"minecraft:rotten_flesh":3,"minecraft:oak_planks":9,"minecraft:shield":1,"born_in_chaos_v1:corpse_maggot":2,"minecraft:stone_pickaxe":1},"minecraft:custom":{"minecraft:mob_kills":44,"minecraft:interact_with_crafting_table":23,"minecraft:damage_dealt_resisted":128,"minecraft:leave_game":1,"minecraft:time_since_death":105,"minecraft:sprint_one_cm":313470,"minecraft:walk_one_cm":292450,"minecraft:damage_blocked_by_shield":1820,"minecraft:drop":38,"minecraft:play_time":90523,"minecraft:deaths":17,"minecraft:sneak_time":3241,"minecraft:walk_under_water_one_cm":2988,"minecraft:jump":2016,"minecraft:walk_on_water_one_cm":11137,"minecraft:total_world_time":90523,"minecraft:interact_with_furnace":17,"minecraft:sleep_in_bed":5,"minecraft:time_since_rest":128,"minecraft:damage_taken":5616,"minecraft:damage_dealt":9603,"minecraft:swim_one_cm":5762,"minecraft:fly_one_cm":317275,"minecraft:open_chest":8,"minecraft:crouch_one_cm":9451,"minecraft:fall_one_cm":90880},"minecraft:crafted":{"minecraft:wooden_sword":1,"minecraft:leather_boots":1,"minecraft:dark_oak_wood":3,"minecraft:furnace":2,"minecraft:cobblestone_stairs":16,"minecraft:bone_meal":9,"minecraft:iron_axe":1,"minecraft:dark_oak_planks":144,"minecraft:stone_hoe":1,"minecraft:cooked_beef":3,"minecraft:crafting_table":3,"minecraft:wooden_pickaxe":1,"minecraft:bucket":1,"minecraft:birch_planks":72,"minecraft:stone_axe":1,"minecraft:bread":3,"minecraft:air":0,"minecraft:stick":40,"minecraft:iron_ingot":18,"minecraft:iron_pickaxe":1,"minecraft:white_bed":2,"minecraft:dark_oak_fence_gate":4,"minecraft:torch":36,"dixtas_armory:iron_katana":1},"minecraft:picked_up":{"born_in_chaos_v1:diamond_termite_shard":2,"minecraft:crafting_table":10,"minecraft:wheat":22,"minecraft:chicken":4,"minecraft:wooden_pickaxe":3,"minecraft:potion":1,"minecraft:enchanted_book":1,"minecraft:shield":7,"born_in_chaos_v1:black_argillite":1,"minecraft:string":11,"minecraft:iron_axe":6,"minecraft:raw_copper":2,"minecraft:wooden_sword":3,"born_in_chaos_v1:intoxicating_decoction":10,"minecraft:cobbled_deepslate":15,"minecraft:beef":3,"born_in_chaos_v1:gnawed_bones":3,"minecraft:poppy":3,"minecraft:iron_pickaxe":5,"minecraft:sugar_cane":27,"minecraft:furnace":1,"minecraft:iron_boots":6,"minecraft:egg":1,"minecraft:stick":24,"minecraft:raw_iron":143,"minecraft:torch":44,"minecraft:diorite":121,"minecraft:carrot":3,"minecraft:redstone":28,"minecraft:goat_horn":3,"minecraft:dark_oak_planks":78,"minecraft:rotten_flesh":72,"minecraft:cod":2,"undead_revamp2:arapholia":1,"minecraft:white_wool":18,"minecraft:cobblestone":256,"minecraft:birch_log":21,"born_in_chaos_v1:corpse_maggot":16,"minecraft:feather":5,"born_in_chaos_v1:monster_flesh":4,"minecraft:glow_ink_sac":2,"minecraft:water_bucket":5,"minecraft:andesite":90,"minecraft:leather":18,"minecraft:potato":32,"minecraft:birch_planks":266,"minecraft:gunpowder":1,"minecraft:cobblestone_stairs":20,"minecraft:lapis_lazuli":12,"minecraft:dirt":33,"minecraft:white_banner":1,"man:cassette_1safetyinstructions":4,"minecraft:cooked_mutton":7,"minecraft:bone":9,"minecraft:wheat_seeds":23,"minecraft:stone_pickaxe":6,"minecraft:iron_ingot":47,"minecraft:cooked_chicken":10,"minecraft:glass_bottle":2,"minecraft:iron_sword":1,"minecraft:oak_planks":9,"minecraft:cooked_porkchop":2,"born_in_chaos_v1:ethereal_spirit":6,"minecraft:dandelion":4,"minecraft:gravel":2,"minecraft:lava_bucket":1,"minecraft:white_bed":2,"minecraft:dark_oak_log":46,"minecraft:dark_oak_fence_gate":1,"minecraft:spider_eye":2,"undead_revamp2:heavytooth":3,"undead_revamp2:rawbostrox":9,"minecraft:stone_axe":3,"dixtas_armory:iron_katana":2,"minecraft:iron_helmet":7,"minecraft:crossbow":2,"minecraft:granite":17,"minecraft:dark_oak_fence":62,"minecraft:coal":62}},"DataVersion":3465}